Forecast_Horizon,Model,MAE,RMSE,R2
1,XGBoost,7.490257872739936,14.04330331192365,0.9144100846723415
6,XGBoost,18.0241721998945,27.40974579304446,0.6743032679604977
12,XGBoost,21.249226993161997,30.91806840479762,0.5858826842893308
24,XGBoost,19.044542946504862,29.245592041210557,0.6252591598584907
