variable,samples,mae,rmse,bias,correlation,min_difference,max_difference,std_difference
humidity,508054,8.396516256559115,11.055837814360467,-2.55210972719774,0.8055651755452159,-100.0,56.970001220703125,10.757253993744095
temperature,508054,2.6332572294762384,4.350817233556824,2.1230064311162966,0.7675173094916465,-46.58000087738037,137.1599998474121,3.7976943901465066
wind_direction,508054,100.08355214209513,117.23421310137289,-187.97805154570185,,0.0,180.0,61.05039433328448
wind_speed,508054,2.365180226462429,2.695619304204911,-2.364530307895498,0.009407578296243937,-13.277777565850151,30.757778538597954,1.294358201524687
